{
    "gravity_bias": [
        -0.010996810670585994,
        0.008381075092687124,
        0.04079924036793505
    ],
    "mass": [
        7.170835978192276
    ],
    "force_zero": [
        0.44418668690965524,
        -3.9132144970243354,
        2.8143457033027643,
        0.04252669346713949,
        -0.16242712048918437,
        0.0051473360860607095
    ]
}